client_id,round,AUC,Precision
client2,0,0.885488,0.788033
client2,1,0.901087,0.797536
client2,2,0.903478,0.797536
client2,3,0.904242,0.800556
client2,4,0.904084,0.801507
