client_id,round,AUC,Precision
client3,0,0.904961,0.653784
client3,1,0.905373,0.662208
client3,2,0.904180,0.681765
client3,3,0.903719,0.686092
client3,4,0.903874,0.686092
