client_id,round,AUC,Precision
client1,0,0.898305,0.738421
client1,1,0.900597,0.741795
client1,2,0.900571,0.741795
client1,3,0.900552,0.753721
client1,4,0.900460,0.758889
