client_id,round,AUC,Precision
client2,0,0.885488,0.788033
client2,1,0.901087,0.797536
client2,2,0.903238,0.797536
client2,3,0.903628,0.800556
client2,4,0.903715,0.801507
