client_id,round,AUC,Precision
client1,0,0.898305,0.738421
client1,1,0.898654,0.733014
client1,2,0.900501,0.753721
client1,3,0.900476,0.753721
client1,4,0.900293,0.758889
