round,9
bias,0.0
weights,179291152.90603018,-79225637.73924294,90511531.73011841,-17262250.61471598,32998705.818570707,-101595015.90453644,-40878717.722309425,-130482482.27988005,44733496.74794756,-109502989.64233337,-76413422.80035701,-117287270.17443547,-109995027.92038375,-82557879.14231265,132202569.30155204,133083619.49329802,13476567.520072792,-40186662.077314004,156509918.67427796,-140986934.963552,-128706569.34862942,130542751.48313306,72145916.11912835,68884924.8510338,20282780.834260415,-106249818.54810047,-130643655.70411155,14913816.165328592,162650571.71904728,70676289.73428524
