round,5
bias,-4.915357877155835
weights,-0.003475442283474131,-0.027331106065652158,0.03674944997274336,-0.08646753380688567,0.1008565153410571,-0.007052979561759422,-0.02464785868482639,-0.06799554322555995,-0.02887284612454312,-0.058816968555992395,-0.11787374868694558,0.09261528474147367,-0.14939141445736354,-0.01002718678349335,-0.2192670648850962,-0.0040237521051216816,-0.08977483309883938,-0.12474839347036454,-0.0316888362381947,0.008754912788326354,0.004955004330633539,0.02349446336212417,0.007662703035926754,-0.006139032310600425,-0.008816009096326934,-0.0056967169103169304,0.006674128214194542,0.002976230243862909,0.002067161077474594,0.00923760161237398
