round,5
bias,-4.9199245840476635
weights,-0.0033680519949229088,-0.02751834989645689,0.03706808326613169,-0.08722818345552176,0.10167657686205075,-0.0069054796265365795,-0.02491342821843903,-0.06825310915862101,-0.029151331585946984,-0.05923461392954154,-0.11879033023915965,0.09344871504806157,-0.15059369556518112,-0.01011160417172038,-0.22133550789747522,-0.004071178401789877,-0.09020862710522695,-0.1250755187621153,-0.031614719964900326,0.008652962364457357,0.005007520256947577,0.023731165452187352,0.007629680169779421,-0.006200221760962789,-0.00894196374625862,-0.005672135488743974,0.006758144277839154,0.0030567486492116226,0.0022455805306894087,0.009306609688660046
