round,5
bias,-4.667757591021268
weights,-0.0032228442709142683,-0.027364100708236576,0.03545685029509726,-0.08219718465154359,0.09274982701419585,-0.00985502300368096,-0.02311459526311206,-0.06676178368279553,-0.02449511002076597,-0.05501310162954315,-0.11123040931183784,0.08643275572644354,-0.14013367536842866,-0.008831007866973996,-0.2016415449260842,-0.0037605078490360153,-0.08604428603726301,-0.12204850645544056,-0.03248252213855639,0.009240353545790315,0.004837705332198847,0.021430235496800863,0.0067844407527865285,-0.005547062386710761,-0.007715162983903197,-0.005132613131798705,0.005861165264586339,0.0032602969849418227,0.0023149436136063587,0.009481944360442801
