round,5
bias,-5.241013935130599
weights,-0.003617038056941743,-0.03175739615293127,0.04005075486539286,-0.0931207338661968,0.10361124077639197,-0.01112270621847916,-0.0259337972500338,-0.07404126109142509,-0.026824683862128315,-0.06179829374522485,-0.12438601502315494,0.09713800359276434,-0.15673042276451976,-0.009756741592763372,-0.22764460178658963,-0.00445912048655807,-0.09544253250733101,-0.13552245327113815,-0.03558322934068934,0.009935068104525645,0.005918057404384163,0.024468952671283174,0.006783479410434047,-0.006207527578602725,-0.00877562943600508,-0.005462658597528059,0.007405816510952913,0.003658271255065226,0.0028783416523698218,0.00978650183512886
