round,AUC,Precision
1,0.977468,0.833333
2,0.979219,0.827586
3,0.980131,0.843750
4,0.980810,0.848485
5,0.980668,0.848485
