round,AUC,Precision
1,0.977468,0.833333
2,0.978342,0.842105
3,0.979425,0.838710
4,0.980315,0.848485
5,0.980401,0.848485
