round,AUC,Precision
1,0.977468,0.833333
2,0.978342,0.842105
3,0.979083,0.830508
4,0.980186,0.846154
5,0.980398,0.848485
