round,secagg,clients,total_masked_bytes,duration_s,cpu_time_s
1,1,3,744,1.869202,1.075931
2,1,3,744,1.268417,1.267699
3,1,3,744,1.635303,1.138843
4,1,3,744,2.261514,1.422013
5,1,3,744,1.471947,1.258189
