round,secagg,clients,total_masked_bytes,duration_s,cpu_time_s
1,1,3,744,1.852635,1.066983
2,1,3,744,1.230560,1.104299
3,1,3,744,2.182394,1.280331
4,1,3,744,1.407857,1.274523
5,1,3,744,2.018107,1.263853
