round,secagg,clients,total_masked_bytes,duration_s,cpu_time_s
1,1,3,744,1.493551,0.687458
2,1,3,744,1.431580,0.691951
3,1,3,744,1.113396,0.728344
4,1,3,744,1.168595,0.706064
5,1,3,744,1.492582,0.716649
