round,secagg,clients,total_masked_bytes,duration_s,cpu_time_s
1,1,3,744,1.952491,1.311834
2,1,3,744,1.469745,1.257291
3,1,3,744,1.335265,1.275226
4,1,3,744,2.080286,1.276052
5,1,3,744,1.397908,1.160879
